{"cameraMode":{"drawMode":0,"name":"Shaded","section":"Shading Mode"},"sceneLighting":false,"audioPlay":false,"sceneViewState":{"showFog":true,"showMaterialUpdate":false,"showSkybox":false,"showFlares":true,"showImageEffects":true,"showParticleSystems":true},"in2DMode":false,"pivot":{"x":-4.338726043701172,"y":-1.0715968608856202,"z":1.3682931661605836},"rotation":{"x":-0.12080955505371094,"y":0.44086411595344546,"z":-0.06002017855644226,"w":-0.8873787522315979},"size":0.8660253882408142,"orthographic":false}