{"cameraMode":{"drawMode":0,"name":"Shaded","section":"Shading Mode"},"sceneLighting":true,"audioPlay":false,"sceneViewState":{"showFog":true,"showMaterialUpdate":false,"showSkybox":true,"showFlares":true,"showImageEffects":true,"showParticleSystems":true},"in2DMode":false,"pivot":{"x":-4.6516594886779789,"y":-1.729471206665039,"z":-3.875162124633789},"rotation":{"x":0.2893129289150238,"y":0.1173567846417427,"z":-0.03576502203941345,"w":0.9493407011032105},"size":9.183631896972657,"orthographic":false}